{
    "Components": [
        {
            "ArmId": 5,
            "BasePosition": [
                1600.0,
                -230.0,
                0.0
            ],
            "Behavior": [
                {
                    "Mode": "Cartesian",
                    "Motion type": "Linear",
                    "R": [
                        0.0,
                        0.1,
                        90.0
                    ],
                    "Speed": 2000.0000000000002,
                    "X": [
                        93.13014710951077,
                        100.76083304214626,
                        60.97357791412238
                    ]
                },
                {
                    "Mode": "Cartesian",
                    "Motion type": "Joint",
                    "R": [
                        0.0,
                        0.09999981437139441,
                        90.0
                    ],
                    "Speed": -1,
                    "X": [
                        0.0999999000000011,
                        173.0000000141414,
                        115.09996301945463
                    ]
                }
            ],
            "Delay": 0.0,
            "InitialState": {
                "Mode": "Cartesian",
                "R": [
                    0.0,
                    0.1,
                    90.0
                ],
                "X": [
                    -15.0,
                    173.0,
                    115.400002
                ]
            }
        }
    ],
    "Obstacles": [
        {
            "Radius": 10.0,
            "X": [
                1600.0,
                -40.0,
                115.0
            ]
        }
    ]
}
