{
    "Components": [
        {
            "ArmId": 5,
            "BasePosition": [
                1600.0,
                -230.0,
                0.0
            ],
            "Behavior": [
                {
                    "Mode": "Cartesian",
                    "Motion type": "Joint",
                    "R": [
                        0.0,
                        0.0999998476916214,
                        90.0
                    ],
                    "Speed": -1,
                    "X": [
                        -14.999999999999947,
                        173.00000000000003,
                        115.39996301945465
                    ]
                }
            ],
            "Delay": 0.0,
            "InitialState": {
                "Mode": "Cartesian",
                "R": [
                    0.0,
                    0.0,
                    0.0
                ],
                "X": [
                    198.67,
                    0.0,
                    230.72
                ]
            }
        },
        {
            "ArmId": 4,
            "BasePosition": [
                800.0,
                -230.0,
                0.0
            ],
            "Behavior": [
                {
                    "Mode": "Cartesian",
                    "Motion type": "Joint",
                    "R": [
                        0.0,
                        -25.0,
                        90.0
                    ],
                    "Speed": -1,
                    "X": [
                        0.0,
                        160.0,
                        185.0
                    ]
                },
                {
                    "Mode": "Cartesian",
                    "Motion type": "Joint",
                    "R": [
                        0.0,
                        -25.0,
                        90.0
                    ],
                    "Speed": -1,
                    "X": [
                        -10.0,
                        198.0,
                        165.0
                    ]
                },
                {
                    "Mode": "Cartesian",
                    "Motion type": "Linear",
                    "R": [
                        0.0,
                        -25.0,
                        90.0
                    ],
                    "Speed": 2000.0000000000002,
                    "X": [
                        -10.0,
                        198.0,
                        145.0
                    ]
                }
            ],
            "Delay": 0.0,
            "InitialState": {
                "Mode": "Cartesian",
                "R": [
                    0.0,
                    0.0,
                    0.0
                ],
                "X": [
                    198.67,
                    0.0,
                    230.72
                ]
            }
        }
    ],
    "Obstacles": []
}
{
    "Components": [
        {
            "ArmId": 5,
            "BasePosition": [
                1600.0,
                -230.0,
                0.0
            ],
            "Behavior": [
                {
                    "Mode": "Cartesian",
                    "Motion type": "Joint",
                    "R": [
                        0.0,
                        0.1,
                        90.0
                    ],
                    "Speed": -1,
                    "X": [
                        -15.0,
                        173.0,
                        150.4
                    ]
                },
                {
                    "Mode": "Cartesian",
                    "Motion type": "Joint",
                    "R": [
                        0.0,
                        0.0,
                        90.0
                    ],
                    "Speed": -1,
                    "X": [
                        -10.0,
                        173.0,
                        106.1
                    ]
                },
                {
                    "Mode": "Cartesian",
                    "Motion type": "Joint",
                    "R": [
                        0.0,
                        0.1,
                        90.0
                    ],
                    "Speed": -1,
                    "X": [
                        -15.0,
                        173.0,
                        115.4
                    ]
                }
            ],
            "Delay": 0.0,
            "InitialState": {
                "Mode": "Cartesian",
                "R": [
                    0.0,
                    0.0,
                    0.0
                ],
                "X": [
                    198.67,
                    0.0,
                    230.72
                ]
            }
        },
        {
            "ArmId": 4,
            "BasePosition": [
                800.0,
                -230.0,
                0.0
            ],
            "Behavior": [
                {
                    "Mode": "Cartesian",
                    "Motion type": "Joint",
                    "R": [
                        0.0,
                        -25.000000000000007,
                        90.0
                    ],
                    "Speed": -1,
                    "X": [
                        -10.000000000000032,
                        198.00000000000003,
                        145.0
                    ]
                }
            ],
            "Delay": 0.0,
            "InitialState": {
                "Mode": "Cartesian",
                "R": [
                    0.0,
                    0.0,
                    0.0
                ],
                "X": [
                    198.67,
                    0.0,
                    230.72
                ]
            }
        }
    ],
    "Obstacles": []
}
