{
    "Components": [
        {
            "ArmId": 3,
            "BasePosition": [
                800.0,
                215.0,
                0.0
            ],
            "Behavior": [
                {
                    "Mode": "Cartesian",
                    "Motion type": "Linear",
                    "R": [
                        0.0,
                        -25.0,
                        -90.0
                    ],
                    "Speed": 2000.0000000000002,
                    "X": [
                        0.3123759334524969,
                        -177.69516851368252,
                        159.42402960634817
                    ]
                },
                {
                    "Mode": "Cartesian",
                    "Motion type": "Linear",
                    "R": [
                        0.0,
                        -25.0,
                        -90.0
                    ],
                    "Speed": 2000.0000000000002,
                    "X": [
                        -5.0000000000000435,
                        -195.0,
                        175.00000000000006
                    ]
                }
            ],
            "Delay": 0.0,
            "InitialState": {
                "Mode": "Cartesian",
                "R": [
                    0.0,
                    -25.0,
                    -90.0
                ],
                "X": [
                    -5.0,
                    -195.0,
                    155.0
                ]
            }
        },
        {
            "ArmId": 4,
            "BasePosition": [
                800.0,
                -217.0,
                0.0
            ],
            "Behavior": [
                {
                    "Mode": "Cartesian",
                    "Motion type": "Linear",
                    "R": [
                        0.0,
                        -25.0,
                        90.0
                    ],
                    "Speed": 2000.0000000000002,
                    "X": [
                        -10.0,
                        198.0,
                        145.0
                    ]
                },
                {
                    "Mode": "Cartesian",
                    "Motion type": "Joint",
                    "R": [
                        0.0,
                        -25.0,
                        90.0
                    ],
                    "Speed": -1,
                    "X": [
                        5.0,
                        198.0,
                        145.0
                    ]
                }
            ],
            "Delay": 0.0,
            "InitialState": {
                "Mode": "Cartesian",
                "R": [
                    0.0,
                    -25.0,
                    90.0
                ],
                "X": [
                    -10.0,
                    198.0,
                    165.0
                ]
            }
        }
    ],
    "Obstacles": []
}
{
    "Components": [
        {
            "ArmId": 3,
            "BasePosition": [
                800.0,
                215.0,
                0.0
            ],
            "Behavior": [
                {
                    "Mode": "Cartesian",
                    "Motion type": "Linear",
                    "R": [
                        0.0,
                        -25.0,
                        -90.0
                    ],
                    "Speed": 2000.0000000000002,
                    "X": [
                        9.999999999999995,
                        -194.99999999999991,
                        154.99999999999997
                    ]
                }
            ],
            "Delay": 0.0,
            "InitialState": {
                "Mode": "Cartesian",
                "R": [
                    0.0,
                    -25.0,
                    -90.0
                ],
                "X": [
                    10.0,
                    -195.0,
                    175.0
                ]
            }
        },
        {
            "ArmId": 4,
            "BasePosition": [
                800.0,
                -217.0,
                0.0
            ],
            "Behavior": [
                {
                    "Mode": "Cartesian",
                    "Motion type": "Linear",
                    "R": [
                        0.0,
                        -25.0,
                        90.0
                    ],
                    "Speed": 2000.0000000000002,
                    "X": [
                        5.0,
                        198.0,
                        145.0
                    ]
                },
                {
                    "Mode": "Cartesian",
                    "Motion type": "Joint",
                    "R": [
                        0.0,
                        -25.0,
                        90.0
                    ],
                    "Speed": -1,
                    "X": [
                        20.0,
                        198.0,
                        145.0
                    ]
                }
            ],
            "Delay": 0.0,
            "InitialState": {
                "Mode": "Cartesian",
                "R": [
                    0.0,
                    -25.0,
                    90.0
                ],
                "X": [
                    5.0,
                    198.0,
                    165.0
                ]
            }
        }
    ],
    "Obstacles": []
}
{
    "Components": [
        {
            "ArmId": 3,
            "BasePosition": [
                800.0,
                215.0,
                0.0
            ],
            "Behavior": [
                {
                    "Mode": "Cartesian",
                    "Motion type": "Linear",
                    "R": [
                        0.0,
                        -25.0,
                        -90.0
                    ],
                    "Speed": 2000.0000000000002,
                    "X": [
                        9.999999999999995,
                        -194.99999999999994,
                        174.99999999999997
                    ]
                }
            ],
            "Delay": 0.0,
            "InitialState": {
                "Mode": "Cartesian",
                "R": [
                    0.0,
                    -25.0,
                    -90.0
                ],
                "X": [
                    10.0,
                    -195.0,
                    155.0
                ]
            }
        },
        {
            "ArmId": 4,
            "BasePosition": [
                800.0,
                -217.0,
                0.0
            ],
            "Behavior": [
                {
                    "Mode": "Cartesian",
                    "Motion type": "Joint",
                    "R": [
                        0.0,
                        -25.0,
                        90.0
                    ],
                    "Speed": -1,
                    "X": [
                        20.0,
                        198.0,
                        145.0
                    ]
                },
                {
                    "Mode": "Cartesian",
                    "Motion type": "Linear",
                    "R": [
                        0.0,
                        -25.0,
                        90.0
                    ],
                    "Speed": 2000.0000000000002,
                    "X": [
                        20.0,
                        198.0,
                        165.0
                    ]
                }
            ],
            "Delay": 0.0,
            "InitialState": {
                "Mode": "Cartesian",
                "R": [
                    0.0,
                    -25.0,
                    90.0
                ],
                "X": [
                    5.0,
                    198.0,
                    145.0
                ]
            }
        }
    ],