{
    "Components": [
        {
            "ArmId": 3,
            "BasePosition": [
                800.0,
                202.0,
                0.0
            ],
            "Behavior": [
                {
                    "Mode": "Cartesian",
                    "Motion type": "Linear",
                    "R": [
                        0.0,
                        -25.0,
                        -90.0
                    ],
                    "Speed": 2000.0000000000002,
                    "X": [
                        21.66846380411804,
                        -191.2066321568115,
                        168.7753357512289
                    ]
                },
				{
					"Mode": "Stay",
					"StayTime": 1.0
				},
                {
                    "Mode": "Cartesian",
                    "Motion type": "Linear",
                    "R": [
                        0.0,
                        -25.0,
                        -90.0
                    ],
                    "Speed": 2000.0000000000002,
                    "X": [
                        -5.0000000000000435,
                        -195.0,
                        155.0
                    ]
                }
            ],
            "Delay": 0.0,
            "InitialState": {
                "Mode": "Cartesian",
                "R": [
                    0.0,
                    -25.0,
                    -90.0
                ],
                "X": [
                    -5.0,
                    -195.0,
                    185.0
                ]
            },
			"TargetState": {
                "Mode": "Cartesian",
                "R": [
                    0.0,
                    -25.0,
                    -90.0
                ],
                "X": [
                    -5.0,
                    -195.0,
                    155.0
                ]
            }
        }
    ],
    "Obstacles": []
}